transactionId,visitorId,date,revenue,group
0,0,2021-03-15,1633,B
1,1,2021-03-15,659,B
2,1070,2021-03-15,411,A
3,3,2021-03-15,9688,B
4,4,2021-03-15,2221,B
5,5,2021-03-15,2148,B
6,6,2021-03-15,1861,B
7,7,2021-03-15,996,A
8,8,2021-03-15,13635,A
9,9,2021-03-15,1850,B
10,10,2021-03-15,4012,A
11,11,2021-03-15,4415,B
12,12,2021-03-15,7329,A
13,13,2021-03-15,11980,B
14,14,2021-03-15,10956,A
15,840,2021-03-15,15269,B
16,16,2021-03-15,972,B
17,17,2021-03-15,998,B
18,18,2021-03-15,16481,A
19,19,2021-03-15,1100,A
20,1183,2021-03-15,295,B
21,21,2021-03-15,1027,B
22,22,2021-03-15,554,B
23,453,2021-03-15,15177,B
24,249,2021-03-15,7500,B
25,25,2021-03-15,214,A
26,1102,2021-03-15,3495,A
27,1097,2021-03-15,7534,B
28,28,2021-03-15,5245,B
29,1172,2021-03-15,609,A
30,30,2021-03-15,130,B
31,31,2021-03-15,375,B
32,624,2021-03-15,1588,B
33,1031,2021-03-15,1570,A
34,34,2021-03-15,22692,A
35,35,2021-03-15,2305,B
36,36,2021-03-15,2423,B
37,37,2021-03-15,6254,B
38,38,2021-03-15,19230,B
39,39,2021-03-15,530,B
40,40,2021-03-15,2899,B
41,1097,2021-03-15,1085,A
42,42,2021-03-15,9225,B
43,43,2021-03-15,2450,B
44,44,2021-03-15,2980,A
45,45,2021-03-16,2118,A
46,46,2021-03-16,3505,A
47,47,2021-03-16,6910,B
48,48,2021-03-16,1179,B
49,49,2021-03-16,3468,A
50,50,2021-03-16,2943,B
51,51,2021-03-16,18095,B
52,52,2021-03-16,412,B
53,53,2021-03-16,395,A
54,54,2021-03-16,105,A
55,55,2021-03-01,2697,A
56,56,2021-03-16,482,B
57,57,2021-03-16,2946,A
58,58,2021-03-16,1421,B
59,59,2021-03-16,7835,B
60,1091,2021-03-16,56589,B
61,1173,2021-03-16,757,B
62,62,2021-03-16,392,B
63,63,2021-03-16,1290,A
64,64,2021-03-16,2443,B
65,65,2021-03-16,1684,B
66,66,2021-03-01,2311,B
67,67,2021-03-16,2442,B
68,68,2021-03-16,14518,B
69,69,2021-03-16,19274,A
70,70,2021-03-01,8995,B
71,703,2021-03-01,10498,B
72,72,2021-03-01,604,A
73,73,2021-03-01,29406,A
74,920,2021-03-16,766,B
75,75,2021-03-16,831,A
76,76,2021-03-16,4326,A
77,77,2021-03-16,32268,A
78,78,2021-03-16,40747,B
79,79,2021-03-16,2397,A
80,80,2021-03-16,2078,A
81,81,2021-03-16,5345,B
82,172,2021-03-16,5067,B
83,83,2021-03-16,3962,A
84,84,2021-03-16,693,A
85,1093,2021-03-22,12307,B
86,86,2021-03-22,1244,A
87,87,2021-03-22,357,B
88,88,2021-03-22,154,B
89,583,2021-03-22,2017,B
90,90,2021-03-22,1412,B
91,840,2021-03-22,17784,B
92,92,2021-03-22,1894,B
93,93,2021-03-22,26520,B
94,1074,2021-03-22,5885,B
95,1074,2021-03-22,920,B
96,98,2021-03-01,8926,A
97,97,2021-03-01,5567,B
98,98,2021-03-01,7140,A
99,99,2021-03-01,259,A
100,100,2021-03-01,3202,B
101,101,2021-03-01,2273,A
102,102,2021-03-01,2939,A
103,103,2021-03-01,2528,B
104,145,2021-03-01,17557,A
105,105,2021-03-16,807,B
106,106,2021-03-16,5312,A
107,107,2021-03-16,8304,A
108,108,2021-03-16,5871,A
109,109,2021-03-01,5020,B
110,110,2021-03-01,6940,B
111,1100,2021-03-01,14459,B
112,1100,2021-03-01,8398,B
113,113,2021-03-01,1643,A
114,1091,2021-03-01,5725,A
115,115,2021-03-01,136,B
116,116,2021-03-22,6228,A
117,624,2021-03-22,677,A
118,1031,2021-03-22,3317,A
119,119,2021-03-22,4394,B
120,120,2021-03-22,4431,B
121,121,2021-03-22,1068,A
122,122,2021-03-22,12278,A
123,123,2021-03-22,1413,A
124,124,2021-03-17,4418,A
125,125,2021-03-17,7995,B
126,126,2021-03-17,5057,B
127,127,2021-03-17,9316,B
128,128,2021-03-22,6374,B
129,861,2021-03-22,3067,A
130,130,2021-03-22,6055,B
131,131,2021-03-22,53834,A
132,132,2021-03-22,6902,B
133,1062,2021-03-22,5193,A
134,1102,2021-03-22,6892,A
135,135,2021-03-01,7660,B
136,136,2021-03-01,373,B
137,137,2021-03-01,28429,A
138,138,2021-03-01,360,B
139,197,2021-03-01,7925,B
140,140,2021-03-01,1204,B
141,191,2021-03-01,200,A
142,142,2021-03-01,1496,B
143,395,2021-03-01,6309,A
144,145,2021-03-01,2698,A
145,145,2021-03-01,8734,A
146,146,2021-03-01,2908,B
147,191,2021-03-01,981,A
148,148,2021-03-01,251,B
149,539,2021-03-17,9360,B
150,150,2021-03-17,2836,B
151,151,2021-03-01,372,B
152,152,2021-03-01,9919,B
153,153,2021-03-01,1713,A
154,154,2021-03-01,4889,A
155,155,2021-03-01,3713,A
156,156,2021-03-22,8083,B
157,157,2021-03-22,405,A
158,158,2021-03-22,11927,B
159,609,2021-03-22,980,A
160,160,2021-03-22,18895,B
161,161,2021-03-17,6415,A
162,163,2021-03-17,1897,A
163,163,2021-03-17,597,A
164,164,2021-03-17,1406,B
165,165,2021-03-17,6950,B
166,166,2021-03-22,404,A
167,167,2021-03-23,1011,A
168,168,2021-03-01,1703,A
169,169,2021-03-01,1871,A
170,170,2021-03-01,3471,A
171,171,2021-03-01,3304,A
172,172,2021-03-17,5466,B
173,173,2021-03-02,38096,B
174,1095,2021-03-02,2758,B
175,175,2021-03-02,3026,A
176,176,2021-03-02,910,B
177,177,2021-03-17,2671,B
178,178,2021-03-17,3138,A
179,1031,2021-03-17,313,A
180,180,2021-03-23,2040,A
181,181,2021-03-23,3430,B
182,523,2021-03-23,725,B
183,183,2021-03-23,5690,B
184,184,2021-03-23,4512,A
185,185,2021-03-23,1848,A
186,186,2021-03-17,3449,B
187,1091,2021-03-17,1562,A
188,188,2021-03-17,17895,A
189,279,2021-03-17,273,B
190,190,2021-03-02,6863,A
191,191,2021-03-02,1690,A
192,192,2021-03-02,889,A
193,193,2021-03-02,5352,B
194,194,2021-03-02,11081,B
195,195,2021-03-02,160,A
196,196,2021-03-02,2561,A
197,197,2021-03-02,2181,A
198,198,2021-03-02,1658,A
199,199,2021-03-23,2145,A
200,1042,2021-03-23,2755,A
201,201,2021-03-23,1776,B
202,202,2021-03-23,1458,A
203,203,2021-03-17,9772,B
204,204,2021-03-17,6647,B
205,205,2021-03-02,444,B
206,206,2021-03-02,2564,A
207,207,2021-03-02,4688,B
208,208,2021-03-02,30599,B
209,209,2021-03-02,5629,A
210,210,2021-03-02,82,B
211,211,2021-03-02,2272,B
212,213,2021-03-02,2783,B
213,213,2021-03-02,2723,B
214,247,2021-03-02,17409,A
215,215,2021-03-02,14111,B
216,216,2021-03-02,4190,B
217,217,2021-03-02,1597,B
218,218,2021-03-02,2120,B
219,254,2021-03-23,10906,A
220,220,2021-03-23,2356,B
221,221,2021-03-23,1042,A
222,222,2021-03-23,1259,A
223,223,2021-03-23,2431,A
224,224,2021-03-23,1344,B
225,455,2021-03-17,10804,A
226,226,2021-03-17,9258,B
227,624,2021-03-17,3475,A
228,228,2021-03-18,2934,B
229,229,2021-03-18,15807,A
230,479,2021-03-23,27514,A
231,231,2021-03-23,15445,B
232,232,2021-03-23,2647,A
233,233,2021-03-23,6215,A
234,234,2021-03-23,2221,B
235,235,2021-03-23,511,B
236,236,2021-03-23,650,B
237,237,2021-03-23,6126,A
238,238,2021-03-18,2882,B
239,401,2021-03-02,10507,A
240,240,2021-03-02,93,A
241,241,2021-03-02,2310,B
242,242,2021-03-02,12790,B
243,243,2021-03-02,9864,A
244,244,2021-03-02,863,A
245,245,2021-03-02,1169,A
246,1102,2021-03-02,3401,B
247,247,2021-03-02,15340,A
248,248,2021-03-18,874,A
249,249,2021-03-18,7487,A
250,250,2021-03-18,2329,A
251,251,2021-03-18,3151,B
252,1172,2021-03-23,2355,B
253,1091,2021-03-23,16926,A
254,254,2021-03-23,34295,B
255,255,2021-03-23,440,A
256,1074,2021-03-23,1613,A
257,257,2021-03-23,14265,A
258,258,2021-03-23,1869,A
259,259,2021-03-23,298,A
260,260,2021-03-02,2339,B
261,261,2021-03-02,8255,A
262,262,2021-03-02,261,A
263,1091,2021-03-18,10963,B
264,264,2021-03-18,112,A
265,267,2021-03-18,1833,A
266,266,2021-03-18,14303,B
267,267,2021-03-18,19515,B
268,268,2021-03-18,10415,B
269,561,2021-03-18,2422,A
270,270,2021-03-18,235,B
271,271,2021-03-23,2235,A
272,272,2021-03-23,1781,B
273,273,2021-03-23,33899,B
274,274,2021-03-23,1031,A
275,275,2021-03-23,1867,A
276,276,2021-03-23,2285,A
277,277,2021-03-02,4892,B
278,278,2021-03-02,12653,B
279,279,2021-03-18,802,A
280,280,2021-03-18,3302,A
281,281,2021-03-18,1000,A
282,282,2021-03-18,1935,A
283,283,2021-03-18,1096,B
284,284,2021-03-18,921,A
285,285,2021-03-23,6900,B
286,286,2021-03-24,19271,A
287,287,2021-03-24,53896,A
288,288,2021-03-02,1978,B
289,289,2021-03-02,2159,A
290,290,2021-03-02,424,B
291,291,2021-03-03,4265,A
292,292,2021-03-03,12546,A
293,293,2021-03-18,412,A
294,294,2021-03-18,23724,A
295,295,2021-03-18,6310,A
296,296,2021-03-25,418,B
297,793,2021-03-25,22034,A
298,298,2021-03-24,2897,B
299,299,2021-03-24,1576,B
300,300,2021-03-18,2355,A
301,301,2021-03-03,5627,A
302,302,2021-03-24,7466,B
303,303,2021-03-25,313,A
304,857,2021-03-28,1161,A
305,305,2021-03-28,1179,B
306,306,2021-03-28,1965,A
307,307,2021-03-18,79,A
308,308,2021-03-19,1841,A
309,309,2021-03-19,2690,A
310,698,2021-03-03,20173,B
311,942,2021-03-24,4210,B
312,312,2021-03-24,957,B
313,313,2021-03-24,468,A
314,314,2021-03-24,826,A
315,315,2021-03-19,2322,B
316,316,2021-03-19,2411,A
317,317,2021-03-19,2434,A
318,318,2021-03-19,11963,A
319,319,2021-03-19,1369,B
320,320,2021-03-19,1416,B
321,321,2021-03-19,1014,A
322,322,2021-03-19,222,B
323,323,2021-03-28,1998,B
324,324,2021-03-28,6153,B
325,1163,2021-03-28,3438,A
326,326,2021-03-28,733,A
327,1182,2021-03-28,5007,B
328,328,2021-03-28,8751,A
329,329,2021-03-28,1329,B
330,861,2021-03-28,795,B
331,331,2021-03-28,283,A
332,332,2021-03-28,1768,B
333,333,2021-03-25,782,B
334,334,2021-03-25,1210,B
335,335,2021-03-25,959,A
336,336,2021-03-25,7924,B
337,337,2021-03-25,547,A
338,338,2021-03-25,15028,A
339,339,2021-03-25,41391,B
340,340,2021-03-25,1906,B
341,341,2021-03-03,713,A
342,342,2021-03-03,647,A
343,343,2021-03-03,5788,A
344,344,2021-03-03,1529,A
345,345,2021-03-03,1305,A
346,346,2021-03-03,1291,A
347,347,2021-03-03,4317,A
348,348,2021-03-03,359,A
349,349,2021-03-24,2783,B
350,350,2021-03-24,5946,B
351,351,2021-03-24,415,A
352,352,2021-03-24,2486,A
353,353,2021-03-24,1790,A
354,354,2021-03-24,5065,A
355,355,2021-03-24,6529,B
356,356,2021-03-28,4947,A
357,357,2021-03-28,14948,A
358,358,2021-03-28,9005,A
359,1175,2021-03-28,920,B
360,360,2021-03-06,8797,B
361,361,2021-03-06,16748,B
362,362,2021-03-06,2160,A
363,363,2021-03-19,2435,B
364,484,2021-03-19,1559,A
365,365,2021-03-19,350,A
366,366,2021-03-19,16763,A
367,367,2021-03-19,3954,B
368,368,2021-03-19,19996,B
369,369,2021-03-24,12412,B
370,517,2021-03-24,2520,A
371,371,2021-03-24,4912,B
372,372,2021-03-24,318,B
373,920,2021-03-24,404,B
374,374,2021-03-24,16634,A
375,783,2021-03-25,16460,A
376,376,2021-03-25,4709,A
377,377,2021-03-25,3448,B
378,378,2021-03-25,5326,A
379,379,2021-03-25,16267,B
380,1062,2021-03-25,2303,B
381,381,2021-03-25,55,B
382,382,2021-03-03,2511,A
383,383,2021-03-03,1436,B
384,384,2021-03-03,4936,A
385,385,2021-03-03,1394,A
386,386,2021-03-03,20929,A
387,387,2021-03-03,1360,A
388,388,2021-03-03,5545,A
389,389,2021-03-03,3954,A
390,624,2021-03-25,217,A
391,1031,2021-03-25,21162,B
392,392,2021-03-25,2601,B
393,393,2021-03-25,1199,B
394,394,2021-03-28,12540,A
395,395,2021-03-28,785,A
396,396,2021-03-28,9979,B
397,397,2021-03-28,662,B
398,398,2021-03-28,3827,A
399,399,2021-03-28,10000,B
400,400,2021-03-28,5479,A
401,401,2021-03-28,19167,A
402,1015,2021-03-28,3089,B
403,403,2021-03-28,420,B
404,404,2021-03-28,47,B
405,405,2021-03-03,787,B
406,1044,2021-03-03,26945,B
407,407,2021-03-03,9914,B
408,408,2021-03-03,13960,A
409,409,2021-03-03,485,B
410,410,2021-03-03,782,B
411,411,2021-03-06,24687,B
412,412,2021-03-06,981,B
413,413,2021-03-06,4482,B
414,414,2021-03-06,223,B
415,972,2021-03-06,8826,B
416,416,2021-03-06,527,B
417,417,2021-03-06,408,A
418,512,2021-03-06,725,A
419,419,2021-03-06,1921,B
420,420,2021-03-06,37491,B
421,421,2021-03-19,31694,A
422,422,2021-03-19,9415,A
423,423,2021-03-19,11214,B
424,424,2021-03-19,378,B
425,425,2021-03-19,1294483,B
426,427,2021-03-19,2606,B
427,427,2021-03-19,1432,B
428,428,2021-03-19,4839,A
429,429,2021-03-19,1007,B
430,432,2021-03-24,3124,A
431,431,2021-03-24,17633,B
432,432,2021-03-24,5464,B
433,433,2021-03-24,5784,A
434,434,2021-03-25,1518,B
435,1031,2021-03-28,20416,B
436,436,2021-03-28,11036,A
437,437,2021-03-28,1992,B
438,438,2021-03-28,2225,B
439,439,2021-03-28,84,B
440,440,2021-03-28,1978,B
441,441,2021-03-03,2944,B
442,442,2021-03-03,430,B
443,443,2021-03-03,7247,B
444,444,2021-03-03,18406,B
445,445,2021-03-03,348,A
446,446,2021-03-03,6596,A
447,447,2021-03-03,2881,B
448,448,2021-03-03,2900,A
449,449,2021-03-03,6260,A
450,688,2021-03-06,1371,A
451,451,2021-03-06,492,A
452,452,2021-03-06,5247,B
453,453,2021-03-06,4416,A
454,1062,2021-03-06,7349,B
455,455,2021-03-06,3014,B
456,1062,2021-03-06,1559,A
457,457,2021-03-06,2968,B
458,458,2021-03-06,1283,B
459,459,2021-03-19,-32,B
460,460,2021-03-19,3177,A
461,461,2021-03-19,26517,B
462,462,2021-03-19,9178,A
463,463,2021-03-19,16481,B
464,464,2021-03-26,1734,B
465,715,2021-03-26,9928,B
466,466,2021-03-26,2821,B
467,467,2021-03-26,318,B
468,468,2021-03-03,1402,B
469,469,2021-03-03,8979,B
470,470,2021-03-03,8700,B
471,471,2021-03-03,2406,A
472,472,2021-03-03,1993,B
473,1031,2021-03-28,4388,B
474,1159,2021-03-28,1015,B
475,475,2021-03-28,279,B
476,476,2021-03-28,230,B
477,477,2021-03-24,19245,B
478,478,2021-03-24,13702,A
479,479,2021-03-24,2186,B
480,1008,2021-03-06,1432,B
481,481,2021-03-06,30580,B
482,482,2021-03-06,1720,A
483,1062,2021-03-06,6619,B
484,484,2021-03-06,6178,A
485,485,2021-03-19,309,A
486,486,2021-03-19,1061,B
487,797,2021-03-19,1441,A
488,488,2021-03-19,1637,A
489,489,2021-03-26,11036,B
490,490,2021-03-26,20061,B
491,491,2021-03-26,2670,B
492,492,2021-03-26,8864,B
493,493,2021-03-26,8548,A
494,494,2021-03-26,1986,B
495,495,2021-03-26,10179,A
496,497,2021-03-29,30917,B
497,497,2021-03-29,2391,A
498,498,2021-03-04,2305,B
499,499,2021-03-04,9396,A
500,500,2021-03-04,1232,A
501,501,2021-03-04,480,B
502,502,2021-03-24,221,A
503,503,2021-03-24,927,A
504,504,2021-03-25,2595,A
505,505,2021-03-06,2544,B
506,506,2021-03-06,8210,A
507,918,2021-03-06,536,A
508,508,2021-03-06,5283,B
509,509,2021-03-06,3125,B
510,510,2021-03-06,1912,B
511,511,2021-03-06,17335,B
512,512,2021-03-06,4775,A
513,513,2021-03-06,6898,B
514,514,2021-03-06,5696,A
515,781,2021-03-26,1679,A
516,517,2021-03-26,6084,B
517,517,2021-03-26,918,B
518,518,2021-03-26,3111,A
519,519,2021-03-26,309,A
520,520,2021-03-26,725,B
521,521,2021-03-26,10426,B
522,522,2021-03-26,3366,B
523,523,2021-03-19,4871,B
524,524,2021-03-19,6519,A
525,1189,2021-03-19,21537,A
526,526,2021-03-19,473,B
527,527,2021-03-19,33392,B
528,528,2021-03-19,703,A
529,529,2021-03-19,3502,B
530,530,2021-03-19,43927,A
531,531,2021-03-19,13363,A
532,532,2021-03-29,9898,A
533,533,2021-03-29,682,B
534,534,2021-03-29,4416,A
535,1035,2021-03-04,8381,B
536,698,2021-03-04,20200,A
537,537,2021-03-04,314,A
538,538,2021-03-04,4839,B
539,539,2021-03-20,6353,B
540,540,2021-03-20,1007,A
541,541,2021-03-20,2267,B
542,542,2021-03-20,10436,A
543,543,2021-03-29,6197,A
544,544,2021-03-29,11693,B
545,545,2021-03-29,17955,B
546,546,2021-03-29,3950,B
547,547,2021-03-29,25012,B
548,857,2021-03-29,1592,A
549,549,2021-03-29,35412,A
550,550,2021-03-29,9688,B
551,551,2021-03-06,27469,B
552,554,2021-03-06,1428,A
553,554,2021-03-06,1850,A
554,554,2021-03-06,844,A
555,555,2021-03-06,4447,A
556,558,2021-03-06,4951,B
557,557,2021-03-06,3624,B
558,558,2021-03-06,4923,B
559,559,2021-03-06,892,A
560,560,2021-03-26,1469,B
561,561,2021-03-26,2411,B
562,562,2021-03-26,32999,A
563,563,2021-03-26,35419,B
564,564,2021-03-26,1005,B
565,565,2021-03-26,2285,B
566,566,2021-03-26,5454,A
567,567,2021-03-09,1482,B
568,568,2021-03-09,27589,B
569,569,2021-03-09,1888,A
570,570,2021-03-04,31312,B
571,571,2021-03-04,301,A
572,572,2021-03-04,1909,A
573,573,2021-03-04,1419,B
574,608,2021-03-04,207,B
575,575,2021-03-04,5236,A
576,576,2021-03-04,6657,B
577,624,2021-03-04,2793,B
578,624,2021-03-04,1469,A
579,579,2021-03-04,3544,A
580,580,2021-03-07,19242,A
581,581,2021-03-07,5770,B
582,582,2021-03-29,1707,A
583,583,2021-03-20,556,B
584,584,2021-03-20,53,A
585,585,2021-03-20,4001,B
586,586,2021-03-20,3470,A
587,587,2021-03-20,1252,B
588,1091,2021-03-20,17604,A
589,589,2021-03-20,5722,B
590,1097,2021-03-20,1244,A
591,591,2021-03-20,3490,B
592,592,2021-03-20,226,A
593,593,2021-03-26,2162,A
594,594,2021-03-26,10538,A
595,626,2021-03-26,4627,B
596,596,2021-03-26,12879,A
597,597,2021-03-26,7986,B
598,598,2021-03-26,3164,A
599,599,2021-03-09,2815,A
600,600,2021-03-09,508,B
601,601,2021-03-09,720,B
602,602,2021-03-09,209,A
603,603,2021-03-09,4802,B
604,604,2021-03-04,13963,A
605,624,2021-03-04,2554,A
606,609,2021-03-04,424,B
607,607,2021-03-04,1652,B
608,608,2021-03-04,12465,B
609,609,2021-03-04,4982,A
610,610,2021-03-04,2750,A
611,1062,2021-03-04,252,A
612,612,2021-03-04,1855,B
613,613,2021-03-07,53841,B
614,614,2021-03-07,11946,B
615,615,2021-03-07,1844,A
616,616,2021-03-07,1970,A
617,617,2021-03-07,7005,A
618,618,2021-03-07,1016,A
619,619,2021-03-29,17993,A
620,620,2021-03-29,1207,B
621,621,2021-03-29,26480,A
622,622,2021-03-29,19218,B
623,623,2021-03-29,2636,A
624,624,2021-03-29,2324,B
625,625,2021-03-29,3162,B
626,626,2021-03-29,1538,B
627,1021,2021-03-29,39775,A
628,628,2021-03-29,317,B
629,629,2021-03-29,12936,A
630,630,2021-03-20,25796,B
631,631,2021-03-20,18907,A
632,632,2021-03-20,3727,A
633,633,2021-03-20,16865,A
634,634,2021-03-09,17942,A
635,635,2021-03-09,10198,A
636,636,2021-03-09,4982,B
637,637,2021-03-09,17004,B
638,638,2021-03-09,3026,B
639,639,2021-03-04,5114,B
640,640,2021-03-04,15472,B
641,808,2021-03-04,46,A
642,642,2021-03-04,9779,B
643,643,2021-03-26,13797,B
644,644,2021-03-26,1462,A
645,645,2021-03-26,8825,A
646,646,2021-03-26,4586,A
647,647,2021-03-26,9394,B
648,648,2021-03-26,43628,A
649,649,2021-03-07,19173,B
650,650,2021-03-07,1769,A
651,651,2021-03-07,36,B
652,652,2021-03-07,4184,B
653,653,2021-03-07,1545,B
654,654,2021-03-07,34562,B
655,655,2021-03-07,10729,B
656,656,2021-03-07,362,B
657,657,2021-03-26,6980,A
658,658,2021-03-26,17965,B
659,659,2021-03-26,4644,B
660,660,2021-03-04,1998,A
661,661,2021-03-04,2602,B
662,682,2021-03-29,78917,A
663,663,2021-03-29,2530,A
664,664,2021-03-29,4835,B
665,665,2021-03-29,10824,A
666,666,2021-03-29,1248,A
667,667,2021-03-29,461,A
668,668,2021-03-29,2541,A
669,669,2021-03-29,16918,A
670,670,2021-03-29,603,B
671,671,2021-03-09,621,B
672,739,2021-03-09,6533,A
673,673,2021-03-09,10101,B
674,739,2021-03-09,6312,B
675,739,2021-03-09,6442,B
676,739,2021-03-09,1698,A
677,1015,2021-03-09,27356,A
678,678,2021-03-20,1921,B
679,679,2021-03-20,2064,B
680,680,2021-03-20,1584,B
681,681,2021-03-20,17940,B
682,682,2021-03-29,78952,B
683,683,2021-03-29,516,A
684,684,2021-03-29,42671,A
685,1195,2021-03-29,9613,B
686,686,2021-03-29,5054,B
687,1195,2021-03-29,1460,A
688,688,2021-03-29,2879,B
689,689,2021-03-29,369,B
690,690,2021-03-30,17994,B
691,691,2021-03-09,3602,B
692,1062,2021-03-09,5223,B
693,1172,2021-03-09,593,B
694,694,2021-03-09,9300,B
695,695,2021-03-09,5692,B
696,696,2021-03-09,2363,A
697,1031,2021-03-09,30552,B
698,698,2021-03-05,14455,A
699,699,2021-03-05,858,B
700,700,2021-03-07,2026,B
701,701,2021-03-07,1138,A
702,702,2021-03-07,2562,A
703,703,2021-03-07,1692,A
704,1137,2021-03-07,19480,A
705,705,2021-03-07,11662,A
706,706,2021-03-07,3555,B
707,707,2021-03-07,4131,B
708,708,2021-03-07,1356,B
709,709,2021-03-07,45789,A
710,710,2021-03-20,10560,B
711,711,2021-03-20,3057,B
712,712,2021-03-20,2356,B
713,713,2021-03-20,445,B
714,714,2021-03-20,249,B
715,715,2021-03-27,17792,B
716,1097,2021-03-27,424,A
717,717,2021-03-27,3506,A
718,718,2021-03-27,24308,A
719,719,2021-03-05,641,A
720,720,2021-03-05,316,A
721,721,2021-03-05,1710,A
722,722,2021-03-05,6971,A
723,723,2021-03-05,28358,B
724,724,2021-03-05,2940,A
725,725,2021-03-07,1472,B
726,726,2021-03-07,3190,A
727,1062,2021-03-07,17350,A
728,728,2021-03-07,29421,B
729,972,2021-03-07,6123,B
730,732,2021-03-30,7229,A
731,731,2021-03-30,2570,B
732,732,2021-03-30,3598,B
733,733,2021-03-30,4999,B
734,734,2021-03-30,9826,B
735,978,2021-03-09,3280,B
736,736,2021-03-09,14448,A
737,737,2021-03-09,2959,B
738,738,2021-03-09,1003,B
739,739,2021-03-09,10047,A
740,918,2021-03-09,512,A
741,741,2021-03-09,3348,B
742,742,2021-03-09,14416,A
743,743,2021-03-09,67962,A
744,744,2021-03-27,86555,B
745,745,2021-03-27,4886,A
746,746,2021-03-27,49481,A
747,747,2021-03-27,832,B
748,748,2021-03-20,691,B
749,749,2021-03-20,19223,B
750,750,2021-03-20,3100,A
751,751,2021-03-20,37133,B
752,752,2021-03-20,348,A
753,753,2021-03-21,19573,B
754,754,2021-03-30,2494,B
755,755,2021-03-30,45769,B
756,756,2021-03-30,-12,B
757,793,2021-03-30,24818,A
758,758,2021-03-09,1704,B
759,759,2021-03-09,977,A
760,760,2021-03-09,1046,B
761,761,2021-03-07,984,A
762,762,2021-03-07,5631,B
763,763,2021-03-07,9666,B
764,764,2021-03-07,1075,A
765,765,2021-03-07,968,B
766,766,2021-03-07,5426,B
767,1195,2021-03-21,688,A
768,768,2021-03-21,2270,B
769,769,2021-03-21,514,A
770,770,2021-03-05,1773,B
771,771,2021-03-05,1457,B
772,772,2021-03-05,1594,B
773,773,2021-03-05,9195,A
774,774,2021-03-05,2465,A
775,775,2021-03-27,321,A
776,776,2021-03-27,800,A
777,777,2021-03-27,12471,A
778,914,2021-03-27,4643,B
779,779,2021-03-27,3486,A
780,780,2021-03-27,754,B
781,781,2021-03-27,7904,A
782,1182,2021-03-27,2519,A
783,783,2021-03-27,16409,B
784,784,2021-03-07,4951,B
785,785,2021-03-07,3699,B
786,786,2021-03-07,3203,A
787,787,2021-03-07,825,A
788,788,2021-03-07,3790,B
789,789,2021-03-08,1901,B
790,790,2021-03-30,358,A
791,791,2021-03-30,13768,A
792,792,2021-03-30,898,B
793,793,2021-03-30,20265,A
794,794,2021-03-10,1410,B
795,795,2021-03-10,2503,B
796,796,2021-03-05,1113,B
797,797,2021-03-05,5237,A
798,798,2021-03-05,5683,A
799,799,2021-03-05,2395,B
800,800,2021-03-05,1566,A
801,801,2021-03-05,838,B
802,802,2021-03-05,589,B
803,803,2021-03-05,4942,B
804,804,2021-03-05,4152,B
805,879,2021-03-05,68,B
806,806,2021-03-05,792,A
807,807,2021-03-05,962,A
808,808,2021-03-05,1398,A
809,1175,2021-03-21,2358,A
810,810,2021-03-21,8053,A
811,811,2021-03-21,1503,A
812,812,2021-03-21,592,A
813,813,2021-03-21,6218,A
814,1167,2021-03-21,18573,B
815,815,2021-03-21,246,B
816,816,2021-03-21,7918,A
817,817,2021-03-21,103,A
818,818,2021-03-21,4527,A
819,1167,2021-03-27,13687,B
820,820,2021-03-27,230,B
821,821,2021-03-27,17988,A
822,822,2021-03-27,2311,A
823,1102,2021-03-27,2805,A
824,824,2021-03-27,19994,A
825,825,2021-03-27,24,B
826,826,2021-03-30,1099,B
827,827,2021-03-30,6925,A
828,828,2021-03-30,2591,B
829,832,2021-03-30,955,A
830,830,2021-03-30,1052,B
831,831,2021-03-30,151,B
832,832,2021-03-30,262,B
833,833,2021-03-30,537,A
834,834,2021-03-10,9378,B
835,835,2021-03-08,15334,A
836,836,2021-03-08,3335,A
837,837,2021-03-08,5793,B
838,1175,2021-03-21,4083,B
839,839,2021-03-21,1390,B
840,840,2021-03-21,9439,B
841,841,2021-03-21,10151,B
842,973,2021-03-21,943,A
843,843,2021-03-05,980,B
844,1166,2021-03-05,22910,A
845,845,2021-03-05,1174,A
846,846,2021-03-05,1952,A
847,847,2021-03-05,1191,A
848,848,2021-03-05,14495,B
849,849,2021-03-05,2197,B
850,850,2021-03-05,2669,B
851,851,2021-03-27,497,A
852,852,2021-03-27,4648,A
853,853,2021-03-27,2006,A
854,854,2021-03-27,701,A
855,855,2021-03-27,18171,A
856,856,2021-03-27,693,B
857,857,2021-03-27,461,B
858,900,2021-03-27,93943,A
859,859,2021-03-10,2894,A
860,860,2021-03-30,8800,B
861,861,2021-03-30,1956,B
862,862,2021-03-30,7038,A
863,863,2021-03-30,732,A
864,864,2021-03-30,12587,B
865,865,2021-03-30,4935,B
866,866,2021-03-30,3214,B
867,867,2021-03-30,35887,B
868,868,2021-03-08,4301,B
869,869,2021-03-08,6408,A
870,870,2021-03-08,17908,A
871,871,2021-03-08,1081,B
872,872,2021-03-08,863,A
873,1091,2021-03-08,58128,B
874,874,2021-03-08,1526,B
875,875,2021-03-08,3673,B
876,876,2021-03-08,3421,B
877,877,2021-03-08,1309,B
878,878,2021-03-05,13,A
879,879,2021-03-05,371,A
880,880,2021-03-05,13971,B
881,881,2021-03-05,1596,A
882,882,2021-03-05,3152,B
883,1062,2021-03-05,2328,B
884,884,2021-03-05,1393,B
885,885,2021-03-05,5190,A
886,886,2021-03-05,24669,A
887,887,2021-03-05,1675,B
888,888,2021-03-05,3259,A
889,889,2021-03-05,377,B
890,890,2021-03-21,30552,B
891,891,2021-03-21,3719,B
892,892,2021-03-21,11353,A
893,893,2021-03-21,4096,A
894,894,2021-03-21,472,A
895,1072,2021-03-21,13283,A
896,896,2021-03-21,1404,A
897,897,2021-03-21,20939,A
898,898,2021-03-21,17225,B
899,899,2021-03-27,2158,A
900,900,2021-03-27,823,B
901,1091,2021-03-27,1582,A
902,902,2021-03-27,88,A
903,903,2021-03-27,1946,B
904,904,2021-03-27,273,A
905,905,2021-03-27,481,B
906,906,2021-03-10,2528,A
907,907,2021-03-30,19397,B
908,908,2021-03-05,-9,B
909,909,2021-03-05,6372,A
910,910,2021-03-08,2487,B
911,911,2021-03-08,1797,B
912,912,2021-03-08,3916,B
913,913,2021-03-08,1339,B
914,914,2021-03-08,4039,A
915,915,2021-03-08,978,B
916,1062,2021-03-08,5238,B
917,917,2021-03-08,25748,B
918,918,2021-03-08,682,A
919,919,2021-03-21,13203,A
920,920,2021-03-21,5496,B
921,921,2021-03-21,301,A
922,922,2021-03-10,2178,B
923,923,2021-03-10,4641,B
924,924,2021-03-10,716,B
925,925,2021-03-10,34893,A
926,926,2021-03-30,3345,A
927,927,2021-03-30,840,B
928,928,2021-03-30,32971,B
929,929,2021-03-30,303,B
930,930,2021-03-31,19489,B
931,931,2021-03-27,378,A
932,932,2021-03-27,732,A
933,933,2021-03-27,-24,B
934,934,2021-03-27,1449,B
935,935,2021-03-27,7315,A
936,1189,2021-03-08,2136,B
937,937,2021-03-08,998,B
938,1175,2021-03-08,1454,B
939,939,2021-03-08,3915,A
940,940,2021-03-08,58512,B
941,941,2021-03-08,743,B
942,942,2021-03-08,7238,B
943,943,2021-03-08,18281,B
944,944,2021-03-08,18442,A
945,945,2021-03-21,15456,B
946,947,2021-03-21,3316,A
947,947,2021-03-21,6661,A
948,948,2021-03-21,4193,A
949,949,2021-03-21,60451,A
950,950,2021-03-21,24308,B
951,951,2021-03-22,1066,B
952,952,2021-03-28,1987,A
953,953,2021-03-28,9024,B
954,954,2021-03-28,1233,B
955,1048,2021-03-28,2461,B
956,956,2021-03-31,1183,B
957,957,2021-03-31,5105,B
958,958,2021-03-31,3346,A
959,959,2021-03-31,1835,B
960,960,2021-03-10,28762,B
961,961,2021-03-10,11256,A
962,962,2021-03-10,19206,B
963,963,2021-03-10,1922,B
964,964,2021-03-10,1726,B
965,965,2021-03-10,5810,A
966,966,2021-03-10,318,A
967,967,2021-03-10,2339,B
968,968,2021-03-08,2290,B
969,969,2021-03-08,2456,A
970,972,2021-03-08,3598,A
971,971,2021-03-08,475,B
972,972,2021-03-08,3561,B
973,973,2021-03-22,1250,B
974,974,2021-03-22,3734,B
975,975,2021-03-22,12298,B
976,976,2021-03-22,2911,B
977,977,2021-03-22,924,B
978,978,2021-03-22,2593,B
979,979,2021-03-22,14967,A
980,980,2021-03-22,139,A
981,981,2021-03-10,572,A
982,982,2021-03-10,8254,A
983,983,2021-03-10,1951,B
984,984,2021-03-10,46,B
985,985,2021-03-10,5386,A
986,986,2021-03-10,823,B
987,987,2021-03-10,1346,B
988,988,2021-03-10,1532,B
989,989,2021-03-28,154,A
990,990,2021-03-28,6302,B
991,991,2021-03-28,85,B
992,992,2021-03-31,4626,B
993,993,2021-03-31,1358,B
994,994,2021-03-31,1469,B
995,995,2021-03-31,2561,B
996,996,2021-03-31,96,A
997,997,2021-03-31,14212,B
998,998,2021-03-08,11980,A
999,999,2021-03-08,1757,A
1000,1000,2021-03-08,3931,A
1001,1001,2021-03-08,963,A
1002,1002,2021-03-08,1103,B
1003,1003,2021-03-08,61,A
1004,1004,2021-03-10,1175,A
1005,1005,2021-03-10,109,A
1006,1006,2021-03-10,52870,A
1007,1007,2021-03-10,3466,B
1008,1008,2021-03-31,2786,A
1009,1013,2021-03-31,2649,B
1010,1010,2021-03-31,3461,A
1011,1011,2021-03-31,17281,A
1012,1012,2021-03-31,4385,B
1013,1013,2021-03-31,36,A
1014,1014,2021-03-31,9806,A
1015,1015,2021-03-31,484,A
1016,1016,2021-03-31,422,B
1017,1017,2021-03-31,13063,A
1018,1091,2021-03-31,5155,A
1019,1091,2021-03-31,1843,B
1020,1020,2021-03-31,900,B
1021,1021,2021-03-31,15422,B
1022,1022,2021-03-31,2605,A
1023,1023,2021-03-31,6670,B
1024,1024,2021-03-31,121,B
1025,1025,2021-03-31,3409,A
1026,1026,2021-03-31,18566,B
1027,1027,2021-03-10,386,A
1028,1028,2021-03-10,1099,B
1029,1031,2021-03-10,58121,A
1030,1030,2021-03-10,2721,B
1031,1031,2021-03-10,2599,B
1032,1032,2021-03-10,3052,B
1033,1033,2021-03-10,1481,B
1034,1034,2021-03-10,12002,B
1035,1035,2021-03-09,8404,A
1036,1044,2021-03-09,8312,B
1037,1037,2021-03-31,1842,B
1038,1038,2021-03-31,27900,B
1039,1039,2021-03-10,6562,A
1040,1040,2021-03-10,18526,A
1041,1041,2021-03-11,1722,A
1042,1042,2021-03-11,245,B
1043,1043,2021-03-11,1124,B
1044,1044,2021-03-11,8593,A
1045,1045,2021-03-11,6027,A
1046,1046,2021-03-11,1704,B
1047,1047,2021-03-11,3132,A
1048,1048,2021-03-11,1701,B
1049,1049,2021-03-11,3131,A
1050,1050,2021-03-11,3741,B
1051,1051,2021-03-11,705,B
1052,1052,2021-03-11,14417,B
1053,1053,2021-03-11,453,A
1054,1054,2021-03-11,3323,B
1055,1055,2021-03-11,275,B
1056,1056,2021-03-11,15404,A
1057,1057,2021-03-11,990,A
1058,1058,2021-03-11,16962,B
1059,1059,2021-03-11,1786,B
1060,1060,2021-03-11,8887,A
1061,1061,2021-03-11,326,A
1062,1062,2021-03-11,8245,A
1063,1063,2021-03-11,1099,B
1064,1064,2021-03-11,18332,A
1065,1065,2021-03-11,1749,A
1066,1066,2021-03-11,5681,B
1067,1067,2021-03-12,4158,B
1068,1068,2021-03-12,3663,A
1069,1069,2021-03-12,2041,A
1070,1070,2021-03-12,609,B
1071,1071,2021-03-12,7641,A
1072,1072,2021-03-12,1770,A
1073,1073,2021-03-12,12114,A
1074,1074,2021-03-12,1245,B
1075,1075,2021-03-12,3187,B
1076,1076,2021-03-12,8772,A
1077,1077,2021-03-12,491,B
1078,1078,2021-03-12,338,B
1079,1079,2021-03-12,9303,A
1080,1080,2021-03-12,8096,B
1081,1081,2021-03-12,8582,A
1082,1082,2021-03-12,5970,B
1083,1083,2021-03-12,1139,A
1084,1084,2021-03-12,830,A
1085,1085,2021-03-12,4622,B
1086,1086,2021-03-12,358,B
1087,1087,2021-03-12,39507,B
1088,1088,2021-03-12,6553,A
1089,1089,2021-03-12,4741,A
1090,1090,2021-03-12,381,A
1091,1091,2021-03-12,27,A
1092,1092,2021-03-12,225,B
1093,1093,2021-03-12,5046,A
1094,1094,2021-03-12,4491,B
1095,1095,2021-03-12,13903,B
1096,1100,2021-03-12,32559,B
1097,1097,2021-03-12,256,A
1098,1100,2021-03-12,16823,A
1099,1099,2021-03-12,65646,A
1100,1100,2021-03-12,2913,B
1101,1101,2021-03-12,663,B
1102,1102,2021-03-12,6394,A
1103,1103,2021-03-12,66258,A
1104,1104,2021-03-12,1525,B
1105,1105,2021-03-12,6657,B
1106,1106,2021-03-12,3286,B
1107,1107,2021-03-12,207,A
1108,1108,2021-03-12,1125,A
1109,1109,2021-03-12,11462,A
1110,1110,2021-03-12,1576,B
1111,1111,2021-03-12,7453,A
1112,1118,2021-03-12,264,B
1113,1113,2021-03-12,3980,B
1114,1114,2021-03-13,7547,B
1115,1115,2021-03-13,2609,B
1116,1116,2021-03-13,859,A
1117,1117,2021-03-13,11531,B
1118,1118,2021-03-13,715,B
1119,1119,2021-03-13,2749,A
1120,1120,2021-03-13,1223,B
1121,1121,2021-03-13,27978,A
1122,1156,2021-03-13,1892,B
1123,1123,2021-03-13,1624,B
1124,1124,2021-03-13,6726,A
1125,1125,2021-03-13,5392,A
1126,1126,2021-03-13,7957,A
1127,1127,2021-03-13,3240,B
1128,1128,2021-03-13,931,B
1129,1129,2021-03-13,17922,A
1130,1130,2021-03-13,24960,A
1131,1131,2021-03-13,3962,B
1132,1132,2021-03-13,8494,B
1133,1133,2021-03-13,5399,B
1134,1134,2021-03-13,2502,B
1135,1135,2021-03-13,18873,A
1136,1136,2021-03-13,92493,A
1137,1137,2021-03-13,52474,A
1138,1138,2021-03-13,1319,A
1139,1139,2021-03-13,1201,A
1140,1140,2021-03-13,2195,A
1141,1141,2021-03-13,267,B
1142,1142,2021-03-13,52891,B
1143,1143,2021-03-13,827,B
1144,1144,2021-03-13,1477,B
1145,1145,2021-03-13,4851,B
1146,1146,2021-03-13,4044,B
1147,1147,2021-03-13,1930,B
1148,1148,2021-03-13,813,B
1149,1149,2021-03-14,9379,B
1150,1150,2021-03-14,1320,A
1151,1151,2021-03-14,3494,A
1152,1152,2021-03-14,920,A
1153,1153,2021-03-14,2857,B
1154,1154,2021-03-14,3133,A
1155,1155,2021-03-14,4033,A
1156,1156,2021-03-14,1925,A
1157,1157,2021-03-14,573,A
1158,1158,2021-03-14,378,A
1159,1159,2021-03-14,3433,B
1160,1160,2021-03-14,3403,B
1161,1161,2021-03-14,1092,B
1162,1165,2021-03-14,6336,A
1163,1163,2021-03-14,344,B
1164,1164,2021-03-14,9334,B
1165,1165,2021-03-14,7495,B
1166,1166,2021-03-14,3399,B
1167,1167,2021-03-14,4971,A
1168,1168,2021-03-14,1791,B
1169,1169,2021-03-14,3788,A
1170,1170,2021-03-14,1239,A
1171,1172,2021-03-14,6578,B
1172,1172,2021-03-14,704,B
1173,1173,2021-03-14,2475,A
1174,1174,2021-03-14,1213,A
1175,1175,2021-03-14,2339,B
1176,1176,2021-03-14,3014,B
1177,1177,2021-03-14,464,B
1178,1184,2021-03-14,108,A
1179,1179,2021-03-14,1191,A
1180,1180,2021-03-14,6147,A
1181,1181,2021-03-14,25157,B
1182,1182,2021-03-14,1275,B
1183,1183,2021-03-14,4849,A
1184,1184,2021-03-14,10395,B
1185,1185,2021-03-14,733,A
1186,1186,2021-03-14,15321,B
1187,1187,2021-03-14,751,A
1188,1188,2021-03-14,16,A
1189,1189,2021-03-14,31469,B
1190,1190,2021-03-14,8607,B
1191,1191,2021-03-14,16419,B
1192,1192,2021-03-14,6478,B
1193,1193,2021-03-14,3185,A
1194,1194,2021-03-14,10514,A
1195,1195,2021-03-14,81,A
1196,1196,2021-03-15,202680,B
